# en|ru|uk|hi|bn|ur|vi|id|tr|es|ar|pt
Welcome to Go+ — Your Personal Trading Assistant|Добро пожаловать в Go+ — ваш личный торговый помощник|Вітаємо в Go+ — ваш особистий торговий помічник|Go+ में स्वागत है — आपका निजी ट्रेडिंग सहायक|Go+ এ স্বাগতম — আপনার ব্যক্তিগত ট্রেডিং সহায়ক|Go+ میں خوش آمدید — آپ کا ذاتی ٹریڈنگ معاون|Chào mừng đến với Go+ — Trợ lý giao dịch cá nhân của bạn|Selamat datang di Go+ — Asisten Trading Pribadi Anda|Go+’a hoş geldiniz — Kişisel İşlem Asistanınız|Bienvenido a Go+ — Tu asistente personal de trading|مرحبًا بك في Go+ — مساعدك الشخصي للتداول|Bem-vindo ao Go+ — O seu assistente pessoal de trading
Explore trading tools, guides, and account support in one place.|Торговые инструменты, инструкции и помощь с аккаунтом — в одном месте.|Торгові інструменти, посібники та підтримка облікового запису — в одному місці.|ट्रेडिंग टूल, गाइड और खाते की सहायता एक ही जगह पाएं।|ট্রেডিং টুল, নির্দেশিকা ও অ্যাকাউন্ট সহায়তা এক জায়গায় পান।|ٹریڈنگ ٹولز، رہنما ہدایات اور اکاؤنٹ کی مدد ایک ہی جگہ حاصل کریں۔|Khám phá công cụ giao dịch, hướng dẫn và hỗ trợ tài khoản tại một nơi.|Temukan alat trading, panduan, dan dukungan akun di satu tempat.|İşlem araçlarını, rehberleri ve hesap desteğini tek yerde keşfedin.|Encuentra herramientas de trading, guías y soporte de cuenta en un solo lugar.|اكتشف أدوات التداول والأدلة ودعم الحساب في مكان واحد.|Explore ferramentas de trading, guias e apoio à conta num só lugar.
Get started below, view the guide, or contact our support team.|Начните ниже, прочитайте инструкцию или свяжитесь с поддержкой.|Почніть нижче, перегляньте посібник або зверніться до підтримки.|नीचे शुरू करें, गाइड देखें या हमारी सहायता टीम से संपर्क करें।|নিচে শুরু করুন, নির্দেশিকা দেখুন অথবা সহায়তা দলের সঙ্গে যোগাযোগ করুন।|نیچے سے شروع کریں، گائیڈ دیکھیں یا ہماری سپورٹ ٹیم سے رابطہ کریں۔|Bắt đầu bên dưới, xem hướng dẫn hoặc liên hệ đội ngũ hỗ trợ.|Mulai di bawah, lihat panduan, atau hubungi tim dukungan kami.|Aşağıdan başlayın, rehberi inceleyin veya destek ekibimizle iletişime geçin.|Empieza abajo, consulta la guía o contacta con nuestro equipo de soporte.|ابدأ أدناه أو اطّلع على الدليل أو تواصل مع فريق الدعم.|Comece abaixo, consulte o guia ou contacte a nossa equipa de apoio.
Get Bot Access|Получить доступ|Отримати доступ|बॉट का एक्सेस पाएं|বটের অ্যাক্সেস পান|بوٹ تک رسائی حاصل کریں|Truy cập bot|Dapatkan Akses Bot|Bota Erişim Sağla|Acceder al bot|احصل على وصول للبوت|Aceder ao bot
Test Signals|Тестовые сигналы|Тестові сигнали|टेस्ट सिग्नल|পরীক্ষামূলক সিগন্যাল|آزمائشی سگنلز|Tín hiệu thử nghiệm|Sinyal Uji Coba|Test Sinyalleri|Señales de prueba|إشارات تجريبية|Sinais de teste
Change Language|Сменить язык|Змінити мову|भाषा बदलें|ভাষা পরিবর্তন করুন|زبان تبدیل کریں|Đổi ngôn ngữ|Ubah Bahasa|Dili Değiştir|Cambiar idioma|تغيير اللغة|Mudar idioma
Forex Tips|Советы по Forex|Поради щодо Forex|फ़ॉरेक्स टिप्स|ফরেক্স পরামর্শ|فاریکس کے مشورے|Mẹo Forex|Tips Forex|Forex İpuçları|Consejos de Forex|نصائح الفوركس|Dicas de Forex
Guide|Инструкция|Посібник|गाइड|নির্দেশিকা|رہنمائی|Hướng dẫn|Panduan|Rehber|Guía|الدليل|Guia
Review|Отзывы|Відгуки|समीक्षाएं|রিভিউ|جائزے|Đánh giá|Ulasan|Yorumlar|Reseñas|التقييمات|Avaliações
Support|Поддержка|Підтримка|सहायता|সহায়তা|مدد|Hỗ trợ|Dukungan|Destek|Soporte|الدعم|Apoio
Back|Назад|Назад|वापस|ফিরে যান|واپس|Quay lại|Kembali|Geri|Volver|رجوع|Voltar
Continue|Продолжить|Продовжити|जारी रखें|চালিয়ে যান|جاری رکھیں|Tiếp tục|Lanjutkan|Devam Et|Continuar|متابعة|Continuar
Select Bot Language|Выберите язык бота|Виберіть мову бота|बॉट की भाषा चुनें|বটের ভাষা বেছে নিন|بوٹ کی زبان منتخب کریں|Chọn ngôn ngữ bot|Pilih Bahasa Bot|Bot Dilini Seçin|Selecciona el idioma del bot|اختر لغة البوت|Selecione o idioma do bot
Choose your preferred language for signals and messages:|Выберите язык сигналов и сообщений:|Виберіть бажану мову сигналів і повідомлень:|सिग्नल और संदेशों के लिए अपनी पसंदीदा भाषा चुनें:|সিগন্যাল ও বার্তার জন্য আপনার পছন্দের ভাষা বেছে নিন:|سگنلز اور پیغامات کے لیے اپنی پسندیدہ زبان منتخب کریں:|Chọn ngôn ngữ bạn muốn dùng cho tín hiệu và tin nhắn:|Pilih bahasa yang Anda inginkan untuk sinyal dan pesan:|Sinyaller ve mesajlar için tercih ettiğiniz dili seçin:|Elige tu idioma preferido para las señales y los mensajes:|اختر لغتك المفضلة للإشارات والرسائل:|Escolha o idioma preferido para sinais e mensagens:
Language saved.|Язык сохранён.|Мову збережено.|भाषा सहेज ली गई।|ভাষা সংরক্ষিত হয়েছে।|زبان محفوظ ہو گئی۔|Đã lưu ngôn ngữ.|Bahasa disimpan.|Dil kaydedildi.|Idioma guardado.|تم حفظ اللغة.|Idioma guardado.
Please choose a language from the list.|Выберите язык из списка.|Виберіть мову зі списку.|कृपया सूची से भाषा चुनें।|তালিকা থেকে একটি ভাষা বেছে নিন।|براہ کرم فہرست سے زبان منتخب کریں۔|Vui lòng chọn ngôn ngữ trong danh sách.|Silakan pilih bahasa dari daftar.|Lütfen listeden bir dil seçin.|Elige un idioma de la lista.|يرجى اختيار لغة من القائمة.|Escolha um idioma da lista.
Test Signals will be added in a later update.|Тестовые сигналы появятся в следующем обновлении.|Тестові сигнали з’являться в наступному оновленні.|टेस्ट सिग्नल आने वाले अपडेट में जोड़े जाएंगे।|পরবর্তী আপডেটে পরীক্ষামূলক সিগন্যাল যোগ করা হবে।|آزمائشی سگنلز آئندہ اپ ڈیٹ میں شامل کیے جائیں گے۔|Tín hiệu thử nghiệm sẽ được thêm trong bản cập nhật sau.|Sinyal uji coba akan ditambahkan pada pembaruan mendatang.|Test sinyalleri sonraki bir güncellemede eklenecek.|Las señales de prueba se añadirán en una próxima actualización.|ستُضاف الإشارات التجريبية في تحديث لاحق.|Os sinais de teste serão adicionados numa atualização futura.
Forex Tips will be added in a later update.|Советы по Forex появятся в следующем обновлении.|Поради щодо Forex з’являться в наступному оновленні.|फ़ॉरेक्स टिप्स आने वाले अपडेट में जोड़ी जाएंगी।|পরবর্তী আপডেটে ফরেক্স পরামর্শ যোগ করা হবে।|فاریکس کے مشورے آئندہ اپ ڈیٹ میں شامل کیے جائیں گے۔|Mẹo Forex sẽ được thêm trong bản cập nhật sau.|Tips Forex akan ditambahkan pada pembaruan mendatang.|Forex ipuçları sonraki bir güncellemede eklenecek.|Los consejos de Forex se añadirán en una próxima actualización.|ستُضاف نصائح الفوركس في تحديث لاحق.|As dicas de Forex serão adicionadas numa atualização futura.
Join Channel|Вступить в канал|Приєднатися до каналу|चैनल से जुड़ें|চ্যানেলে যোগ দিন|چینل میں شامل ہوں|Tham gia kênh|Gabung Kanal|Kanala Katıl|Unirse al canal|انضم إلى القناة|Aderir ao canal
Check Subscription|Проверить подписку|Перевірити підписку|सदस्यता जांचें|সদস্যতা যাচাই করুন|رکنیت چیک کریں|Kiểm tra đăng ký|Periksa Keanggotaan|Üyeliği Kontrol Et|Comprobar suscripción|التحقق من الاشتراك|Verificar subscrição
Start|Начать|Почати|शुरू करें|শুরু করুন|شروع کریں|Bắt đầu|Mulai|Başla|Empezar|ابدأ|Começar
How Does It Work|Как это работает|Як це працює|यह कैसे काम करता है|এটি কীভাবে কাজ করে|یہ کیسے کام کرتا ہے|Cách hoạt động|Cara Kerjanya|Nasıl Çalışır|Cómo funciona|كيف يعمل|Como funciona
See the technology|О технологии|Про технологію|तकनीक देखें|প্রযুক্তি দেখুন|ٹیکنالوجی دیکھیں|Xem công nghệ|Lihat Teknologi|Teknolojiyi İncele|Ver la tecnología|اطّلع على التقنية|Ver a tecnologia
See real results|Посмотреть результаты|Переглянути результати|परिणाम देखें|ফলাফল দেখুন|نتائج دیکھیں|Xem kết quả thực tế|Lihat Hasil Nyata|Gerçek Sonuçları Gör|Ver resultados reales|شاهد النتائج الفعلية|Ver resultados reais
Get access to Go +|Получить доступ к Go+|Отримати доступ до Go+|Go+ का एक्सेस पाएं|Go+ এর অ্যাক্সেস পান|Go+ تک رسائی حاصل کریں|Truy cập Go+|Dapatkan Akses Go+|Go+ Erişimi Al|Acceder a Go+|احصل على وصول إلى Go+|Aceder ao Go+
Open Telegram channel|Открыть Telegram-канал|Відкрити Telegram-канал|Telegram चैनल खोलें|Telegram চ্যানেল খুলুন|Telegram چینل کھولیں|Mở kênh Telegram|Buka Kanal Telegram|Telegram Kanalını Aç|Abrir canal de Telegram|افتح قناة Telegram|Abrir canal do Telegram
Quick Setup Guide|Краткая инструкция|Короткий посібник|त्वरित सेटअप गाइड|দ্রুত সেটআপ নির্দেশিকা|فوری سیٹ اپ گائیڈ|Hướng dẫn thiết lập nhanh|Panduan Pengaturan Cepat|Hızlı Kurulum Rehberi|Guía de inicio rápido|دليل الإعداد السريع|Guia de configuração rápida
Register & Get Access|Регистрация и доступ|Реєстрація та доступ|रजिस्टर करें और एक्सेस पाएं|নিবন্ধন করে অ্যাক্সেস পান|رجسٹر کریں اور رسائی پائیں|Đăng ký và truy cập|Daftar & Dapatkan Akses|Kaydol ve Erişim Al|Registrarse y acceder|سجّل واحصل على الوصول|Registar e aceder
How to Register|Как зарегистрироваться|Як зареєструватися|रजिस्टर कैसे करें|কীভাবে নিবন্ধন করবেন|رجسٹر کیسے کریں|Cách đăng ký|Cara Mendaftar|Nasıl Kaydolunur|Cómo registrarse|كيفية التسجيل|Como registar
Get a signal|Получить сигнал|Отримати сигнал|सिग्नल पाएं|সিগন্যাল পান|سگنل حاصل کریں|Nhận tín hiệu|Dapatkan Sinyal|Sinyal Al|Obtener señal|احصل على إشارة|Obter sinal
Unlock Premium|Открыть Premium|Відкрити Premium|Premium अनलॉक करें|Premium আনলক করুন|Premium کھولیں|Mở khóa Premium|Buka Premium|Premium’u Aç|Desbloquear Premium|فتح Premium|Desbloquear Premium
My level|Мой уровень|Мій рівень|मेरा स्तर|আমার স্তর|میرا لیول|Cấp độ của tôi|Level Saya|Seviyem|Mi nivel|مستواي|O meu nível
Telegram channel|Telegram-канал|Telegram-канал|Telegram चैनल|Telegram চ্যানেল|Telegram چینل|Kênh Telegram|Kanal Telegram|Telegram Kanalı|Canal de Telegram|قناة Telegram|Canal do Telegram
YouTube channel|YouTube-канал|YouTube-канал|YouTube चैनल|YouTube চ্যানেল|YouTube چینل|Kênh YouTube|Kanal YouTube|YouTube Kanalı|Canal de YouTube|قناة YouTube|Canal do YouTube
Channel|Канал|Канал|चैनल|চ্যানেল|چینل|Kênh|Kanal|Kanal|Canal|القناة|Canal
Manual|Ручной|Ручний|मैन्युअल|ম্যানুয়াল|دستی|Thủ công|Manual|Manuel|Manual|يدوي|Manual
Automatic|Автоматический|Автоматичний|स्वचालित|স্বয়ংক্রিয়|خودکار|Tự động|Otomatis|Otomatik|Automático|تلقائي|Automático
Currency pairs|Валютные пары|Валютні пари|मुद्रा जोड़े|মুদ্রা জোড়া|کرنسی کے جوڑے|Cặp tiền tệ|Pasangan Mata Uang|Döviz Çiftleri|Pares de divisas|أزواج العملات|Pares de moedas
Cryptocurrencies|Криптовалюты|Криптовалюти|क्रिप्टोकरेंसी|ক্রিপ্টোকারেন্সি|کرپٹو کرنسیاں|Tiền mã hóa|Mata Uang Kripto|Kripto Paralar|Criptomonedas|العملات المشفرة|Criptomoedas
Stocks|Акции|Акції|शेयर|শেয়ার|حصص|Cổ phiếu|Saham|Hisseler|Acciones|الأسهم|Ações
Indices|Индексы|Індекси|सूचकांक|সূচক|انڈیکس|Chỉ số|Indeks|Endeksler|Índices|المؤشرات|Índices
Commodities|Сырьё|Сировина|कमोडिटी|পণ্য|اجناس|Hàng hóa|Komoditas|Emtialar|Materias primas|السلع|Matérias-primas
Back to registration|Назад к регистрации|Назад до реєстрації|रजिस्ट्रेशन पर वापस जाएं|নিবন্ধনে ফিরে যান|رجسٹریشن پر واپس جائیں|Quay lại đăng ký|Kembali ke Pendaftaran|Kayda Geri Dön|Volver al registro|العودة إلى التسجيل|Voltar ao registo
New Signal|Новый сигнал|Новий сигнал|नया सिग्नल|নতুন সিগন্যাল|نیا سگنل|Tín hiệu mới|Sinyal Baru|Yeni Sinyal|Nueva señal|إشارة جديدة|Novo sinal
Ask about Premium|Узнать о Premium|Дізнатися про Premium|Premium के बारे में पूछें|Premium সম্পর্কে জানুন|Premium کے بارے میں پوچھیں|Hỏi về Premium|Tanyakan tentang Premium|Premium Hakkında Sor|Consultar sobre Premium|استفسر عن Premium|Perguntar sobre Premium
I Downloaded My Gift|Я скачал подарок|Я завантажив подарунок|मैंने अपना गिफ्ट डाउनलोड कर लिया|আমি উপহার ডাউনলোড করেছি|میں نے تحفہ ڈاؤن لوڈ کر لیا|Tôi đã tải quà xuống|Saya Sudah Mengunduh Hadiah|Hediyemi İndirdim|Ya descargué mi regalo|حمّلت هديتي|Já descarreguei o meu presente
Start Trading|Начать торговлю|Почати торгівлю|ट्रेडिंग शुरू करें|ট্রেডিং শুরু করুন|ٹریڈنگ شروع کریں|Bắt đầu giao dịch|Mulai Trading|İşleme Başla|Empezar a operar|ابدأ التداول|Começar a negociar
Deposit Now|Пополнить счёт|Поповнити рахунок|अभी जमा करें|এখন জমা করুন|ابھی رقم جمع کریں|Nạp tiền ngay|Deposit Sekarang|Şimdi Para Yatır|Depositar ahora|أودع الآن|Depositar agora
Register & Get Gift|Регистрация и подарок|Реєстрація та подарунок|रजिस्टर करें और गिफ्ट पाएं|নিবন্ধন করে উপহার পান|رجسٹر کریں اور تحفہ پائیں|Đăng ký và nhận quà|Daftar & Dapatkan Hadiah|Kaydol ve Hediye Al|Registrarse y recibir regalo|سجّل واحصل على هدية|Registar e receber presente
Open Go+|Открыть Go+|Відкрити Go+|Go+ खोलें|Go+ খুলুন|Go+ کھولیں|Mở Go+|Buka Go+|Go+’ı Aç|Abrir Go+|افتح Go+|Abrir Go+
Stop broadcast messages|Отключить рассылку|Вимкнути розсилку|ब्रॉडकास्ट संदेश बंद करें|ব্রডকাস্ট বার্তা বন্ধ করুন|براڈکاسٹ پیغامات بند کریں|Dừng tin nhắn phát sóng|Hentikan Pesan Siaran|Toplu Mesajları Durdur|Detener mensajes de difusión|إيقاف رسائل البث|Parar mensagens de difusão
